case_id,title,category,vendor,passed,score,findings_matched,expected_findings,execution_time_ms,errors
security:access_control_audit_0001,access_control_audit_0001,access,generic,True,1.0,1,['sql_injection'],40,""
security:access_control_audit_0002,access_control_audit_0002,access,generic,True,1.0,1,['sql_injection'],0,""
security:access_control_audit_0003,access_control_audit_0003,access,generic,True,1.0,1,['sql_injection'],0,""
security:access_control_audit_0004,access_control_audit_0004,access,generic,True,1.0,1,['sql_injection'],15,""
security:access_control_audit_0005,access_control_audit_0005,access,generic,True,1.0,3,['logging', 'secret', 'security', 'sql_injection', 'vulnerability'],0,""
security:access_control_audit_0006,access_control_audit_0006,access,generic,True,1.0,1,['sql_injection'],0,""
security:anomaly_detection_0001,anomaly_detection_0001,anomaly,generic,True,0.5,1,['deserialization', 'sql_injection'],15,""
security:anomaly_detection_0002,anomaly_detection_0002,anomaly,generic,True,1.0,1,['secret', 'security'],15,""
security:anomaly_detection_0003,anomaly_detection_0003,anomaly,generic,True,1.0,2,['secret', 'security', 'vulnerability'],0,""
security:attack_surface_analysis,attack_surface_analysis,attack,generic,True,1.0,1,['sql_injection'],0,""
security:bot_detection_0001,bot_detection_0001,bot,generic,True,1.0,1,['ssrf'],17,""
security:bot_detection_0002,bot_detection_0002,bot,generic,True,1.0,3,['sql_injection', 'secret', 'vulnerability'],4,""
security:bot_detection_0003,bot_detection_0003,bot,generic,True,1.0,1,['sql_injection'],6,""
security:certificate_lifecycle_0001,certificate_lifecycle_0001,certificate,generic,True,1.0,2,['encryption', 'insecure_ssl', 'ssrf'],11,""
security:certificate_lifecycle_0002,certificate_lifecycle_0002,certificate,generic,True,1.0,1,['encryption', 'insecure_ssl'],4,""
security:certificate_lifecycle_0003,certificate_lifecycle_0003,certificate,generic,True,1.0,2,['secret', 'security', 'vulnerability'],15,""
security:cloud_security_posture,cloud_security_posture,cloud,generic,True,1.0,2,['secret', 'security', 'vulnerability'],0,""
security:cloud_security_posture_0001,cloud_security_posture_0001,cloud,generic,True,1.0,2,['secret', 'security', 'vulnerability'],11,""
security:cloud_security_posture_0002,cloud_security_posture_0002,cloud,generic,True,1.0,1,['secret', 'security'],4,""
security:cloud_security_posture_0003,cloud_security_posture_0003,cloud,generic,True,1.0,0,['security issue detected', 'insecure configuration'],4,""
security:code_signing_verification_0001,code_signing_verification_0001,code,generic,True,0.5,1,['deserialization', 'sql_injection'],0,""
security:code_signing_verification_0002,code_signing_verification_0002,code,generic,True,1.0,0,['security issue detected', 'insecure configuration'],0,""
security:compliance_audit_gdpr_0001,compliance_audit_gdpr_0001,compliance,generic,True,1.0,0,['security issue detected', 'insecure configuration'],0,""
security:compliance_audit_gdpr_0002,compliance_audit_gdpr_0002,compliance,generic,True,1.0,0,['security issue detected', 'insecure configuration'],11,""
security:compliance_audit_hipaa_0001,compliance_audit_hipaa_0001,compliance,generic,True,1.0,0,['security issue detected', 'insecure configuration'],0,""
security:compliance_audit_hipaa_0002,compliance_audit_hipaa_0002,compliance,generic,True,1.0,1,['ssrf'],15,""
security:compliance_audit_pci_dss_0001,compliance_audit_pci_dss_0001,compliance,generic,True,1.0,0,['security issue detected', 'insecure configuration'],0,""
security:compliance_audit_pci_dss_0002,compliance_audit_pci_dss_0002,compliance,generic,True,1.0,1,['ssrf'],0,""
security:compliance_audit_soc2_0001,compliance_audit_soc2_0001,compliance,generic,True,1.0,0,['security issue detected', 'insecure configuration'],15,""
security:compliance_audit_soc2_0002,compliance_audit_soc2_0002,compliance,generic,True,1.0,0,['security issue detected', 'insecure configuration'],0,""
security:configuration_drift_0001,configuration_drift_0001,configuration,generic,True,1.0,1,['secret', 'security'],16,""
security:container_security_scan,container_security_scan,container,generic,True,1.0,2,['secret', 'security', 'vulnerability'],15,""
security:data_exfiltration_risk,data_exfiltration_risk,data,generic,True,1.0,1,['ssrf'],0,""
security:data_exfiltration_risk_0001,data_exfiltration_risk_0001,data,generic,True,1.0,0,['security issue detected', 'insecure configuration'],0,""
security:data_exfiltration_risk_0002,data_exfiltration_risk_0002,data,generic,True,1.0,1,['ssrf'],15,""
security:data_exfiltration_risk_0003,data_exfiltration_risk_0003,data,generic,True,1.0,0,['security issue detected', 'insecure configuration'],0,""
security:ddos_mitigation_0001,ddos_mitigation_0001,ddos,generic,True,1.0,0,['security issue detected', 'insecure configuration'],7,""
security:ddos_mitigation_0002,ddos_mitigation_0002,ddos,generic,True,1.0,0,['security issue detected', 'insecure configuration'],0,""
security:dependency_vulnerability_check,dependency_vulnerability_check,dependency,generic,True,1.0,0,['security issue detected', 'insecure configuration'],0,""
security:disaster_recovery_test_0001,disaster_recovery_test_0001,disaster,generic,True,1.0,2,['secret', 'security', 'vulnerability'],0,""
security:encryption_at_rest_audit_0001,encryption_at_rest_audit_0001,encryption,generic,True,1.0,0,['security issue detected', 'insecure configuration'],15,""
security:encryption_at_rest_audit_0002,encryption_at_rest_audit_0002,encryption,generic,True,1.0,1,['logging', 'secret', 'security'],0,""
security:encryption_in_transit_audit_0001,encryption_in_transit_audit_0001,encryption,generic,True,1.0,1,['ssrf'],15,""
security:encryption_in_transit_audit_0002,encryption_in_transit_audit_0002,encryption,generic,True,1.0,1,['logging', 'secret', 'security'],6,""
security:iac_security_review,iac_security_review,iac,generic,True,1.0,2,['secret', 'security', 'vulnerability'],0,""
security:iac_security_review_0001,iac_security_review_0001,iac,generic,True,1.0,1,['secret', 'security'],6,""
security:iac_security_review_0002,iac_security_review_0002,iac,generic,True,1.0,2,['secret', 'security', 'vulnerability'],3,""
security:iac_security_review_0003,iac_security_review_0003,iac,generic,True,1.0,1,['secret', 'security'],1,""
security:identity_security_review,identity_security_review,identity,generic,True,1.0,2,['secret', 'security', 'vulnerability'],10,""
security:identity_security_review_0001,identity_security_review_0001,identity,generic,True,1.0,3,['privilege_escalation', 'secret', 'security', 'vulnerability'],3,""
security:identity_security_review_0002,identity_security_review_0002,identity,generic,True,1.0,0,['security issue detected', 'insecure configuration'],6,""
security:incident_response_plan,incident_response_plan,incident,generic,True,1.0,2,['secret', 'security', 'vulnerability'],7,""
security:incident_response_plan_0001,incident_response_plan_0001,incident,generic,True,1.0,0,['security issue detected', 'insecure configuration'],3,""
security:key_management,key_management,key,generic,True,1.0,0,['security issue detected', 'insecure configuration'],6,""
security:key_management_0001,key_management_0001,key,generic,True,1.0,0,['security issue detected', 'insecure configuration'],2,""
security:key_management_0002,key_management_0002,key,generic,True,1.0,1,['secret', 'security'],3,""
security:lateral_movement_assessment,lateral_movement_assessment,lateral,generic,True,0.5,1,['privilege_escalation', 'security', 'vulnerability'],6,""
security:lateral_movement_assessment_0001,lateral_movement_assessment_0001,lateral,generic,True,1.0,1,['ssrf'],7,""
security:lateral_movement_assessment_0002,lateral_movement_assessment_0002,lateral,generic,True,0.5,1,['privilege_escalation', 'vulnerability'],10,""
security:logging_and_monitoring_review,logging_and_monitoring_review,logging,generic,True,1.0,0,['security issue detected', 'insecure configuration'],5,""
security:logging_and_monitoring_review_0001,logging_and_monitoring_review_0001,logging,generic,True,1.0,0,['security issue detected', 'insecure configuration'],2,""
security:logging_and_monitoring_review_0002,logging_and_monitoring_review_0002,logging,generic,True,1.0,1,['logging', 'secret', 'security'],3,""
security:network_security_assessment,network_security_assessment,network,generic,True,1.0,2,['encryption', 'insecure_ssl', 'ssrf'],7,""
security:network_security_assessment_0001,network_security_assessment_0001,network,generic,True,0.6667,2,['privilege_escalation', 'secret', 'security', 'vulnerability'],0,""
security:patch_management,patch_management,patch,generic,True,1.0,0,['security issue detected', 'insecure configuration'],0,""
security:patch_management_0001,patch_management_0001,patch,generic,True,1.0,2,['secret', 'security', 'vulnerability'],15,""
security:patch_management_0002,patch_management_0002,patch,generic,True,1.0,0,['security issue detected', 'insecure configuration'],0,""
security:penetration_test_webapp,penetration_test_webapp,penetration,generic,True,1.0,5,['sql_injection', 'secret', 'deserialization', 'ssrf', 'vulnerability'],16,""
security:phishing_simulation,phishing_simulation,phishing,generic,True,1.0,2,['secret', 'security', 'vulnerability'],8,""
security:privilege_escalation_review,privilege_escalation_review,privilege,generic,True,1.0,3,['privilege_escalation', 'secret', 'command_injection'],22,""
security:privilege_escalation_review_0001,privilege_escalation_review_0001,privilege,generic,True,1.0,3,['privilege_escalation', 'secret', 'command_injection'],4,""
security:privilege_escalation_review_0002,privilege_escalation_review_0002,privilege,generic,True,1.0,3,['privilege_escalation', 'secret', 'command_injection'],3,""
security:red_team_exercise,red_team_exercise,red,generic,True,1.0,2,['secret', 'vulnerability', 'security'],4,""
security:red_team_exercise_0001,red_team_exercise_0001,red,generic,True,1.0,2,['secret', 'security', 'vulnerability'],2,""
security:runtime_protection_review_0001,runtime_protection_review_0001,runtime,generic,True,0.5,1,['deserialization', 'sql_injection'],0,""
security:runtime_protection_review_0002,runtime_protection_review_0002,runtime,generic,True,0.5,1,['deserialization', 'sql_injection'],0,""
security:sase_evaluation,sase_evaluation,sase,generic,True,0.6667,2,['deserialization', 'secret', 'security', 'ssrf'],0,""
security:sase_evaluation_0001,sase_evaluation_0001,sase,generic,True,1.0,0,['security issue detected', 'insecure configuration'],30,""
security:secrets_audit,secrets_audit,secrets,generic,True,1.0,2,['logging', 'secret', 'security', 'vulnerability'],0,""
security:secrets_audit_0001,secrets_audit_0001,secrets,generic,True,1.0,2,['logging', 'secret', 'security', 'vulnerability'],26,""
security:secrets_audit_0002,secrets_audit_0002,secrets,generic,True,1.0,2,['logging', 'secret', 'security', 'vulnerability'],5,""
security:secrets_rotation,secrets_rotation,secrets,generic,True,1.0,3,['secret', 'security', 'ssrf', 'vulnerability'],19,""
security:secrets_rotation_0001,secrets_rotation_0001,secrets,generic,True,1.0,2,['secret', 'security', 'vulnerability'],5,""
security:secrets_rotation_0002,secrets_rotation_0002,secrets,generic,True,1.0,1,['secret', 'security'],2,""
security:security_awareness_review,security_awareness_review,security,generic,True,1.0,2,['secret', 'security', 'vulnerability'],13,""
security:security_awareness_review_0001,security_awareness_review_0001,security,generic,True,1.0,0,['security issue detected', 'insecure configuration', 'security issue detected', 'insecure configuration'],17,""
security:security_orchestration,security_orchestration,security,generic,True,1.0,1,['secret', 'security'],15,""
security:security_orchestration_0001,security_orchestration_0001,security,generic,True,1.0,0,['security issue detected', 'insecure configuration', 'security issue detected', 'insecure configuration'],16,""
security:software_bill_of_materials,software_bill_of_materials,software,generic,True,1.0,0,['security issue detected', 'insecure configuration'],15,""
security:software_bill_of_materials_0001,software_bill_of_materials_0001,software,generic,True,1.0,0,['security issue detected', 'insecure configuration'],1,""
security:supply_chain_security,supply_chain_security,supply,generic,True,0.6667,2,['encryption', 'insecure_ssl', 'ssrf', 'weak_crypto'],0,""
security:supply_chain_security_0001,supply_chain_security_0001,supply,generic,True,1.0,1,['ssrf'],0,""
security:threat_modeling_session,threat_modeling_session,threat,generic,True,1.0,2,['secret', 'security', 'vulnerability'],15,""
security:threat_modeling_session_0001,threat_modeling_session_0001,threat,generic,True,1.0,0,['security issue detected', 'insecure configuration'],15,""
security:threat_modeling_session_0002,threat_modeling_session_0002,threat,generic,True,1.0,2,['secret', 'security', 'vulnerability'],0,""
security:vulnerability_remediation,vulnerability_remediation,vulnerability,generic,True,1.0,3,['sql_injection', 'deserialization', 'secret'],15,""
security:vulnerability_scan_api,vulnerability_scan_api,vulnerability,generic,True,1.0,5,['sql_injection', 'secret', 'command_injection', 'deserialization', 'ssrf'],15,""
security:vulnerability_scan_api_0001,vulnerability_scan_api_0001,vulnerability,generic,True,1.0,1,['sql_injection'],0,""
security:vulnerability_scan_api_0002,vulnerability_scan_api_0002,vulnerability,generic,True,1.0,3,['deserialization', 'secret', 'vulnerability'],0,""
security:waf_configuration,waf_configuration,waf,generic,True,1.0,2,['secret', 'security', 'vulnerability'],15,""
security:waf_configuration_0001,waf_configuration_0001,waf,generic,True,1.0,2,['secret', 'security', 'vulnerability'],0,""
security:zero_trust_architecture,zero_trust_architecture,zero,generic,True,1.0,1,['secret', 'security'],17,""
security:zero_trust_architecture_0001,zero_trust_architecture_0001,zero,generic,True,1.0,0,['security issue detected', 'insecure configuration'],0,""
